-- phpMyAdmin SQL Dump
-- version 5.2.1
-- https://www.phpmyadmin.net/
--
-- Host: 127.0.0.1
-- Waktu pembuatan: 26 Feb 2024 pada 06.53
-- Versi server: 10.4.32-MariaDB
-- Versi PHP: 8.2.12

SET SQL_MODE = "NO_AUTO_VALUE_ON_ZERO";
START TRANSACTION;
SET time_zone = "+00:00";


/*!40101 SET @OLD_CHARACTER_SET_CLIENT=@@CHARACTER_SET_CLIENT */;
/*!40101 SET @OLD_CHARACTER_SET_RESULTS=@@CHARACTER_SET_RESULTS */;
/*!40101 SET @OLD_COLLATION_CONNECTION=@@COLLATION_CONNECTION */;
/*!40101 SET NAMES utf8mb4 */;

--
-- Database: `gallery`
--

-- --------------------------------------------------------

--
-- Struktur dari tabel `album`
--

CREATE TABLE `album` (
  `albumid` int(11) NOT NULL,
  `nama_album` varchar(255) NOT NULL,
  `deskripsi` text NOT NULL,
  `tanggal_dibuat` date NOT NULL,
  `userid` int(11) NOT NULL
) ENGINE=InnoDB DEFAULT CHARSET=utf8mb4 COLLATE=utf8mb4_general_ci;

--
-- Dumping data untuk tabel `album`
--

INSERT INTO `album` (`albumid`, `nama_album`, `deskripsi`, `tanggal_dibuat`, `userid`) VALUES
(1, 'Otomotif', 'Seputar Otomotif', '2024-02-02', 1),
(2, 'Basketball', 'Seputar Basket', '2024-02-02', 1),
(3, 'Pantai', 'Pantai', '2024-02-16', 2),
(4, 'Arsitektur', 'Macam-macam arsitektur', '2024-02-21', 3);

-- --------------------------------------------------------

--
-- Struktur dari tabel `foto`
--

CREATE TABLE `foto` (
  `fotoid` int(11) NOT NULL,
  `judul_foto` varchar(255) NOT NULL,
  `deskripsi_foto` text NOT NULL,
  `tanggal_unggah` date NOT NULL,
  `lokasi_file` varchar(255) NOT NULL,
  `albumid` int(11) NOT NULL,
  `userid` int(11) NOT NULL
) ENGINE=InnoDB DEFAULT CHARSET=utf8mb4 COLLATE=utf8mb4_general_ci;

--
-- Dumping data untuk tabel `foto`
--

INSERT INTO `foto` (`fotoid`, `judul_foto`, `deskripsi_foto`, `tanggal_unggah`, `lokasi_file`, `albumid`, `userid`) VALUES
(1, 'Mobil', 'Mobil SUV', '2024-02-02', '663481804-mobil.jpg', 1, 1),
(2, 'Basket INA ', 'Seleksi Perbasi ', '2024-02-02', '121808716-perbasi.jpeg', 2, 1),
(3, 'Pantai Pudak', 'Pantai pasir putih di Blitar', '2024-02-16', '1078422356-Pantai.jpeg', 3, 2),
(4, 'Desain Rumah', 'Arsitektur rumah minimalis & modern', '2024-02-21', '1280765264-arsitektur.jpg', 4, 3);

-- --------------------------------------------------------

--
-- Struktur dari tabel `komentarfoto`
--

CREATE TABLE `komentarfoto` (
  `komentarid` int(11) NOT NULL,
  `fotoid` int(11) NOT NULL,
  `userid` int(11) NOT NULL,
  `isi_komentar` text NOT NULL,
  `tanggal_komentar` date NOT NULL
) ENGINE=InnoDB DEFAULT CHARSET=utf8mb4 COLLATE=utf8mb4_general_ci;

--
-- Dumping data untuk tabel `komentarfoto`
--

INSERT INTO `komentarfoto` (`komentarid`, `fotoid`, `userid`, `isi_komentar`, `tanggal_komentar`) VALUES
(1, 1, 1, 'Keren sekali', '2024-02-06'),
(2, 3, 1, 'Jadi pengen liburan', '2024-02-16'),
(3, 2, 2, 'Semangat buat yang ikut seleksi', '2024-02-19');

-- --------------------------------------------------------

--
-- Struktur dari tabel `likefoto`
--

CREATE TABLE `likefoto` (
  `likeid` int(11) NOT NULL,
  `fotoid` int(11) NOT NULL,
  `userid` int(11) NOT NULL,
  `tanggal_like` date NOT NULL
) ENGINE=InnoDB DEFAULT CHARSET=utf8mb4 COLLATE=utf8mb4_general_ci;

--
-- Dumping data untuk tabel `likefoto`
--

INSERT INTO `likefoto` (`likeid`, `fotoid`, `userid`, `tanggal_like`) VALUES
(1, 3, 1, '2024-02-19'),
(2, 1, 2, '2024-02-19'),
(3, 2, 2, '2024-02-19');

-- --------------------------------------------------------

--
-- Struktur dari tabel `user`
--

CREATE TABLE `user` (
  `userid` int(11) NOT NULL,
  `username` varchar(255) NOT NULL,
  `password` varchar(255) NOT NULL,
  `email` varchar(255) NOT NULL,
  `nama_lengkap` varchar(255) NOT NULL,
  `alamat` text NOT NULL
) ENGINE=InnoDB DEFAULT CHARSET=utf8mb4 COLLATE=utf8mb4_general_ci;

--
-- Dumping data untuk tabel `user`
--

INSERT INTO `user` (`userid`, `username`, `password`, `email`, `nama_lengkap`, `alamat`) VALUES
(1, '\r\n    admin', '0192023a7bbd73250516f069df18b500', 'admin@admin.com', 'Admin', 'Jl. Mawar'),
(2, '\r\n    ariio', '827ccb0eea8a706c4c34a16891f84e7b', 'marios@gmail.com', 'Mario', 'Jl. Anggrek'),
(3, '\r\n    yewry', '4a7d1ed414474e4033ac29ccb8653d9b', 'yewdf@gmail.com', 'Yewren Li', 'Ketintang');

--
-- Indexes for dumped tables
--

--
-- Indeks untuk tabel `album`
--
ALTER TABLE `album`
  ADD PRIMARY KEY (`albumid`),
  ADD KEY `UserID` (`userid`);

--
-- Indeks untuk tabel `foto`
--
ALTER TABLE `foto`
  ADD PRIMARY KEY (`fotoid`),
  ADD KEY `AlbumID` (`albumid`),
  ADD KEY `UserID` (`userid`);

--
-- Indeks untuk tabel `komentarfoto`
--
ALTER TABLE `komentarfoto`
  ADD PRIMARY KEY (`komentarid`),
  ADD KEY `FotoID` (`fotoid`),
  ADD KEY `UserID` (`userid`);

--
-- Indeks untuk tabel `likefoto`
--
ALTER TABLE `likefoto`
  ADD PRIMARY KEY (`likeid`),
  ADD KEY `FotoID` (`fotoid`),
  ADD KEY `UserID` (`userid`);

--
-- Indeks untuk tabel `user`
--
ALTER TABLE `user`
  ADD PRIMARY KEY (`userid`);

--
-- AUTO_INCREMENT untuk tabel yang dibuang
--

--
-- AUTO_INCREMENT untuk tabel `album`
--
ALTER TABLE `album`
  MODIFY `albumid` int(11) NOT NULL AUTO_INCREMENT, AUTO_INCREMENT=5;

--
-- AUTO_INCREMENT untuk tabel `foto`
--
ALTER TABLE `foto`
  MODIFY `fotoid` int(11) NOT NULL AUTO_INCREMENT, AUTO_INCREMENT=5;

--
-- AUTO_INCREMENT untuk tabel `komentarfoto`
--
ALTER TABLE `komentarfoto`
  MODIFY `komentarid` int(11) NOT NULL AUTO_INCREMENT, AUTO_INCREMENT=4;

--
-- AUTO_INCREMENT untuk tabel `likefoto`
--
ALTER TABLE `likefoto`
  MODIFY `likeid` int(11) NOT NULL AUTO_INCREMENT, AUTO_INCREMENT=5;

--
-- AUTO_INCREMENT untuk tabel `user`
--
ALTER TABLE `user`
  MODIFY `userid` int(11) NOT NULL AUTO_INCREMENT, AUTO_INCREMENT=4;

--
-- Ketidakleluasaan untuk tabel pelimpahan (Dumped Tables)
--

--
-- Ketidakleluasaan untuk tabel `album`
--
ALTER TABLE `album`
  ADD CONSTRAINT `album_ibfk_1` FOREIGN KEY (`userid`) REFERENCES `user` (`userid`) ON DELETE CASCADE ON UPDATE CASCADE;

--
-- Ketidakleluasaan untuk tabel `foto`
--
ALTER TABLE `foto`
  ADD CONSTRAINT `foto_ibfk_1` FOREIGN KEY (`albumid`) REFERENCES `album` (`albumid`) ON DELETE CASCADE ON UPDATE CASCADE,
  ADD CONSTRAINT `foto_ibfk_2` FOREIGN KEY (`userid`) REFERENCES `user` (`userid`) ON DELETE CASCADE ON UPDATE CASCADE;

--
-- Ketidakleluasaan untuk tabel `komentarfoto`
--
ALTER TABLE `komentarfoto`
  ADD CONSTRAINT `komentarfoto_ibfk_1` FOREIGN KEY (`fotoid`) REFERENCES `foto` (`fotoid`) ON DELETE CASCADE ON UPDATE CASCADE,
  ADD CONSTRAINT `komentarfoto_ibfk_2` FOREIGN KEY (`userid`) REFERENCES `user` (`userid`) ON DELETE CASCADE ON UPDATE CASCADE;

--
-- Ketidakleluasaan untuk tabel `likefoto`
--
ALTER TABLE `likefoto`
  ADD CONSTRAINT `likefoto_ibfk_1` FOREIGN KEY (`fotoid`) REFERENCES `foto` (`fotoid`) ON DELETE CASCADE ON UPDATE CASCADE,
  ADD CONSTRAINT `likefoto_ibfk_2` FOREIGN KEY (`userid`) REFERENCES `user` (`userid`) ON DELETE CASCADE ON UPDATE CASCADE;
COMMIT;

/*!40101 SET CHARACTER_SET_CLIENT=@OLD_CHARACTER_SET_CLIENT */;
/*!40101 SET CHARACTER_SET_RESULTS=@OLD_CHARACTER_SET_RESULTS */;
/*!40101 SET COLLATION_CONNECTION=@OLD_COLLATION_CONNECTION */;
